[
  {
    "id": "2ab2e64a-8e0e-4791-bdc8-b18088236d70",
    "data": [
      {
        "text": "how much time each test will take",
        "userDefined": false
      }
    ],
    "isTemplate": false,
    "count": 0,
    "updated": 1507209989
  },
  {
    "id": "1fd43113-7a07-4c56-a6e2-e50ad1e3248e",
    "data": [
      {
        "text": "duration of examination",
        "userDefined": false
      }
    ],
    "isTemplate": false,
    "count": 0,
    "updated": 1507209989
  },
  {
    "id": "d8ff9fa8-6344-478f-b026-a56f00bb13ca",
    "data": [
      {
        "text": "minimum score that i can fail",
        "userDefined": false
      }
    ],
    "isTemplate": false,
    "count": 0,
    "updated": 1507209989
  },
  {
    "id": "b13e2f3f-29e1-45f6-9165-9cde8b73ffb0",
    "data": [
      {
        "text": "how much should i score to pass",
        "userDefined": false
      }
    ],
    "isTemplate": false,
    "count": 0,
    "updated": 1507209989
  },
  {
    "id": "dc0076b6-b6e5-4607-a37c-a3f9cbf197c9",
    "data": [
      {
        "text": "what are the rules to practice IELTS",
        "userDefined": false
      }
    ],
    "isTemplate": false,
    "count": 0,
    "updated": 1507209989
  },
  {
    "id": "8f16de44-2fcd-429a-96b8-958044944e43",
    "data": [
      {
        "text": "how can i see my score card",
        "userDefined": false
      }
    ],
    "isTemplate": false,
    "count": 0,
    "updated": 1507209989
  },
  {
    "id": "4151f992-133e-4a06-be3c-e00a6e4c8ed0",
    "data": [
      {
        "text": "Any other query",
        "userDefined": false
      }
    ],
    "isTemplate": false,
    "count": 0,
    "updated": 0
  }
]