[
  {
    "id": "b95e721f-8f22-44bf-bbdc-f267ed8e6487",
    "data": [
      {
        "text": "may I know the contact",
        "userDefined": false
      }
    ],
    "isTemplate": false,
    "count": 0,
    "updated": 1507270013
  },
  {
    "id": "cc791742-4f1e-4046-ac47-79dce9ced986",
    "data": [
      {
        "text": "i need to contact someone over phone",
        "userDefined": false
      }
    ],
    "isTemplate": false,
    "count": 0,
    "updated": 1507203098
  },
  {
    "id": "7170db75-1b4f-4d57-bc2f-a40892f770b7",
    "data": [
      {
        "text": "can i contact someone over phone",
        "userDefined": false
      }
    ],
    "isTemplate": false,
    "count": 0,
    "updated": 1507203098
  },
  {
    "id": "657e2bf2-fa06-4705-8d8b-3c8d2b1ba318",
    "data": [
      {
        "text": "can i talk to someone over the phone",
        "userDefined": false
      }
    ],
    "isTemplate": false,
    "count": 0,
    "updated": 1507203098
  },
  {
    "id": "be3baa3e-47d3-4e9f-be67-b491e656d2d4",
    "data": [
      {
        "text": "can i call someone",
        "userDefined": false
      }
    ],
    "isTemplate": false,
    "count": 0,
    "updated": 1507203098
  },
  {
    "id": "86e5b832-65a4-4767-906b-a226d9035faf",
    "data": [
      {
        "text": "may I know the contact number to talk to someone over the phone",
        "userDefined": false
      }
    ],
    "isTemplate": false,
    "count": 0,
    "updated": 0
  }
]