[
  {
    "id": "7a2618e0-c551-4e4a-9cf5-0a135e57299e",
    "data": [
      {
        "text": "hello",
        "userDefined": false
      }
    ],
    "isTemplate": false,
    "count": 0,
    "updated": 1507206235
  },
  {
    "id": "2e2e1243-b5ad-44bd-8edc-19e191711b47",
    "data": [
      {
        "text": "hey",
        "userDefined": false
      }
    ],
    "isTemplate": false,
    "count": 0,
    "updated": 1507206235
  },
  {
    "id": "0fecc333-19df-4c2b-b894-21b8ae10cd69",
    "data": [
      {
        "text": "hi",
        "userDefined": false
      }
    ],
    "isTemplate": false,
    "count": 0,
    "updated": 1507206235
  }
]