[
  {
    "id": "28ce84f9-d651-4e47-a87b-82c75ed51cbd",
    "data": [
      {
        "text": "exam centre",
        "userDefined": false
      }
    ],
    "isTemplate": false,
    "count": 0,
    "updated": 1507203182
  },
  {
    "id": "e588dc93-d36b-4853-8c40-1b7928ac54b2",
    "data": [
      {
        "text": "where is exam centre",
        "userDefined": false
      }
    ],
    "isTemplate": false,
    "count": 0,
    "updated": 1507203182
  },
  {
    "id": "6f88d1da-89e2-4fe4-a9a6-3d4bcf1a1de5",
    "data": [
      {
        "text": "i want exam centre details",
        "userDefined": false
      }
    ],
    "isTemplate": false,
    "count": 0,
    "updated": 1507203182
  },
  {
    "id": "e073ec26-1fe4-4433-9768-d419c10c1bb2",
    "data": [
      {
        "text": "give me the exam centre details",
        "userDefined": false
      }
    ],
    "isTemplate": false,
    "count": 0,
    "updated": 1507203182
  },
  {
    "id": "c65d9c93-5ca4-4e1f-995e-d1b2a07fe32c",
    "data": [
      {
        "text": "i did not receive the exam centre details",
        "userDefined": false
      }
    ],
    "isTemplate": false,
    "count": 0,
    "updated": 1507203182
  },
  {
    "id": "69acbccf-5ce0-49c1-92a5-c7309c601df7",
    "data": [
      {
        "text": "Just registered for the exam which is confirmed , did not receive the exam centre details",
        "userDefined": false
      }
    ],
    "isTemplate": false,
    "count": 0,
    "updated": 1507203182
  }
]