[
  {
    "id": "67cfb44e-f553-4089-949a-eb72588ac03b",
    "data": [
      {
        "text": "do i have any identification number",
        "userDefined": false
      }
    ],
    "isTemplate": false,
    "count": 0,
    "updated": 1507209653
  },
  {
    "id": "614b921e-fb1b-4037-97c3-6fed378f5376",
    "data": [
      {
        "text": "i want identification document number",
        "userDefined": false
      }
    ],
    "isTemplate": false,
    "count": 0,
    "updated": 1507203218
  },
  {
    "id": "04f96286-27c2-41be-b53e-b706b42b3406",
    "data": [
      {
        "text": "identification document number",
        "userDefined": false
      }
    ],
    "isTemplate": false,
    "count": 0,
    "updated": 1507203218
  },
  {
    "id": "1c81a664-53c7-4426-b24a-758fbfb83bf3",
    "data": [
      {
        "text": "what is the identification document number",
        "userDefined": false
      }
    ],
    "isTemplate": false,
    "count": 0,
    "updated": 1507203218
  }
]