[
  {
    "id": "50f925c3-13a3-4df1-81f7-f6f505d8a6bf",
    "data": [
      {
        "text": "what are the next dates  for registration of the examination",
        "userDefined": false
      }
    ],
    "isTemplate": false,
    "count": 0,
    "updated": 1507209576
  },
  {
    "id": "310cc393-1777-4a7d-9588-46b21f1fb874",
    "data": [
      {
        "text": "IELTS date",
        "userDefined": false
      }
    ],
    "isTemplate": false,
    "count": 0,
    "updated": 1507203347
  },
  {
    "id": "3feae1d6-3244-453f-bf38-202a2e758076",
    "data": [
      {
        "text": "I want IELTS date ",
        "userDefined": false
      },
      {
        "text": "in January 2018",
        "meta": "@sys.ignore",
        "userDefined": false
      }
    ],
    "isTemplate": false,
    "count": 0,
    "updated": 1507203347
  },
  {
    "id": "a328b993-53d0-4a08-a4d3-9bb6bfa5793d",
    "data": [
      {
        "text": "i want IELTS exam date ",
        "userDefined": false
      },
      {
        "text": "in feb 2019",
        "meta": "@sys.ignore",
        "userDefined": false
      }
    ],
    "isTemplate": false,
    "count": 0,
    "updated": 1507203347
  },
  {
    "id": "35c3301c-d4e9-405a-9428-cbd8ce1ca090",
    "data": [
      {
        "text": "I want to take a IELTS date in January 2018",
        "userDefined": false
      }
    ],
    "isTemplate": false,
    "count": 0,
    "updated": 0
  }
]