[
  {
    "id": "a326c6f2-65bb-4ae6-9c5d-ee1fb7640169",
    "data": [
      {
        "text": "registration for IELTS exam",
        "userDefined": false
      }
    ],
    "isTemplate": false,
    "count": 1,
    "updated": 1507203412
  },
  {
    "id": "4c02f312-fdcb-454d-9208-abc32a874714",
    "data": [
      {
        "text": "i want to register for IELTS exam",
        "userDefined": false
      }
    ],
    "isTemplate": false,
    "count": 0,
    "updated": 1507203412
  },
  {
    "id": "5785a51f-4405-4aba-801f-abe4cd83d566",
    "data": [
      {
        "text": "How to register for IELTS?",
        "userDefined": false
      }
    ],
    "isTemplate": false,
    "count": 0,
    "updated": 1507199722
  }
]