[
  {
    "id": "025bdfc0-d230-491a-bf69-fe61c759dc76",
    "data": [
      {
        "text": "tell me library address in pune",
        "userDefined": false
      }
    ],
    "isTemplate": false,
    "count": 0,
    "updated": 1507273534
  },
  {
    "id": "b88130b8-3a69-4e87-a644-8625d5c93011",
    "data": [
      {
        "text": "library address in pune",
        "userDefined": false
      }
    ],
    "isTemplate": false,
    "count": 0,
    "updated": 1507204408
  },
  {
    "id": "2101cf0f-c96c-43d6-8b3a-8e5184fcb7c7",
    "data": [
      {
        "text": "i want library address situated in ",
        "userDefined": false
      },
      {
        "text": "pune",
        "meta": "@sys.ignore",
        "userDefined": false
      }
    ],
    "isTemplate": false,
    "count": 0,
    "updated": 1507204408
  },
  {
    "id": "2911d0da-166c-4838-8379-255105534f58",
    "data": [
      {
        "text": "library address",
        "userDefined": false
      }
    ],
    "isTemplate": false,
    "count": 0,
    "updated": 0
  }
]