[
  {
    "id": "13f06fc1-6ab8-41d4-8fb4-91fcb50e6342",
    "data": [
      {
        "text": "modules",
        "userDefined": false
      }
    ],
    "isTemplate": false,
    "count": 0,
    "updated": 1507273048
  },
  {
    "id": "1d72b381-ab46-443d-8b32-b60dd323ac09",
    "data": [
      {
        "text": "tell me about modules",
        "userDefined": false
      }
    ],
    "isTemplate": false,
    "count": 0,
    "updated": 1507273048
  },
  {
    "id": "494ff659-2c03-40d2-920b-fbad6d19fef2",
    "data": [
      {
        "text": "in case of AC or GT which module i should refer",
        "userDefined": false
      }
    ],
    "isTemplate": false,
    "count": 0,
    "updated": 1507209414
  },
  {
    "id": "c79f775e-12ea-43fd-b7e4-236452dc902f",
    "data": [
      {
        "text": "Which module should I  take - AC or GT",
        "userDefined": false
      }
    ],
    "isTemplate": false,
    "count": 0,
    "updated": 0
  }
]