[
  {
    "id": "8d7fe1af-4eb8-4613-9355-4bb05eea3174",
    "data": [
      {
        "text": "I want to register for the course online",
        "userDefined": false
      }
    ],
    "isTemplate": false,
    "count": 0,
    "updated": 1507270641
  },
  {
    "id": "c2349c2c-5eac-4e58-be35-d2cb30c993e4",
    "data": [
      {
        "text": "can i register online for the course if i have written the test in chennai",
        "userDefined": false
      }
    ],
    "isTemplate": false,
    "count": 0,
    "updated": 1507209772
  },
  {
    "id": "22f0c0dc-218f-48e7-8e1c-9f55d860dffb",
    "data": [
      {
        "text": "I took an test in Chennai, I want to register for the course online",
        "userDefined": false
      }
    ],
    "isTemplate": false,
    "count": 0,
    "updated": 0
  }
]