[
  {
    "id": "39aa178c-0686-4ac9-be7a-10b804b23a4e",
    "data": [
      {
        "text": "how to fill the form in case i do not have a last name in my passport",
        "userDefined": false
      }
    ],
    "isTemplate": false,
    "count": 0,
    "updated": 1507209711
  },
  {
    "id": "59276c9b-8a6a-40fb-9107-c0e3e42854cf",
    "data": [
      {
        "text": "last name",
        "userDefined": false
      }
    ],
    "isTemplate": false,
    "count": 0,
    "updated": 1507203000
  },
  {
    "id": "d6c534bc-14f0-4e1c-9507-de46de81056a",
    "data": [
      {
        "text": "how do I complete IELTS application form",
        "userDefined": false
      }
    ],
    "isTemplate": false,
    "count": 0,
    "updated": 1507203000
  },
  {
    "id": "83cf87d8-eaa0-4c4b-abac-06fce845ccc3",
    "data": [
      {
        "text": "I do not have a last name on my passport",
        "userDefined": false
      }
    ],
    "isTemplate": false,
    "count": 0,
    "updated": 1507203000
  },
  {
    "id": "3b4757ea-5394-41aa-857d-1032cb96655c",
    "data": [
      {
        "text": "I do not have a last name on my passport, how do I complete IELTS application form",
        "userDefined": false
      }
    ],
    "isTemplate": false,
    "count": 0,
    "updated": 0
  }
]