[
  {
    "id": "e5427a94-16b9-4ce0-98de-2a9f00f012c3",
    "data": [
      {
        "text": "i want to make changes on my registration details",
        "userDefined": false
      }
    ],
    "isTemplate": false,
    "count": 0,
    "updated": 1507268531
  },
  {
    "id": "b254b2a0-ecef-4b21-983d-8b62c71fe813",
    "data": [
      {
        "text": "Whom to contact at the exam venue",
        "userDefined": false
      }
    ],
    "isTemplate": false,
    "count": 0,
    "updated": 1507268531
  },
  {
    "id": "661859a5-8903-4f6f-a21b-bca2d6a10c97",
    "data": [
      {
        "text": "in case i have to make changes in my document whom should i contact",
        "userDefined": false
      }
    ],
    "isTemplate": false,
    "count": 0,
    "updated": 1507209351
  },
  {
    "id": "1926b591-9322-4478-8953-70b3acac22e6",
    "data": [
      {
        "text": "Whom to contact at the exam venue to make changes on my registration details",
        "userDefined": false
      }
    ],
    "isTemplate": false,
    "count": 0,
    "updated": 0
  }
]