[
  {
    "id": "bea52fc6-dab3-411d-988e-81807a3fae18",
    "data": [
      {
        "text": "do we have wifi connection in the library",
        "userDefined": false
      }
    ],
    "isTemplate": false,
    "count": 0,
    "updated": 1507209451
  },
  {
    "id": "e68a40cc-8e15-4681-afd1-f14aec6f6499",
    "data": [
      {
        "text": "If I take library membership, do I have access to Wi-Fi",
        "userDefined": false
      }
    ],
    "isTemplate": false,
    "count": 0,
    "updated": 1507209451
  }
]